Aarhus:  University of Aarhus
Adelaide:  University of AdelaideAncona:  University of AnconaAntwerp: University of AntwerpArizona:  University of ArizonaArizona State:  Arizona State UniversityArkansas:  University of ArkansasAuckland: University of AucklandANU: Australian National University
Bamberg:  University of Bamberg (Germany)
Basel:  University of Basel
Bayreuth:  Bayreuth University, Bergen:  University of BergenBerkeley: University of California at BerkeleyBerlin: University of BerlinBerne:  University of Berne
Bilkent:  Bilkent University
Birmingham:  University of Birmingham, UKBocconi:  Bocconi University
Bologna:  University of BolognaBonn: University of Bonn
Bordeaux IV:  Universit&#233 Bordeaux IV, Pessac, FRBoston College: Boston CollegeBoston University:  Boston UniversityBrandeis:  Brandeis University
Bristol:  University of BristolUBC: University of British ColumbiaBordeaux: Bordeaux Management SchoolBrown: Brown University Brussels:  Universit&#233 Libre de Bruxelles
Budapest:  Corvinus University of BudapestBurgundy:  University of Burgundy
Calgary:  University of CalgaryCambridge: Cambridge UniversityCarleton:  Carleton UniversityCarnegie Mellon: Carnegie Mellon University 
CEMI:  Central Economic, Mathematical Institute (Moscow)
CERDI:  CERDI-Auvergne University, Clermont-Ferrand, FranceCERGE-EI: Center for Economic Research and <br>&nbsp;&nbsp;&nbsp;Graduate Education - Economics Institute (Prague)CEU:  Central European University (Budapest)
Chicago: University of ChicagoClaremont:  Claremont Graduate UniversityColorado: University of ColoradoColumbia: Columbia University CBS:  Copenhagen Business SchoolCopenhagen: University of Copenhagen
Cornell: Cornell University 
CY Cergy Paris:  CY Cergy Paris University, Cergy-Pontoise, FR
d'Auvergne: Université d'Auvergne, Clermont-Ferrand, FR
Dresden:  Dresden University of Technology
Drexel:  Drexel University
Düsseldorf:  University of DüsseldorfDublin: University of DublinDuke: Duke University Dundee:  University of DundeeEast Anglia:  University of East Anglia
ENSAE: Ecole Nationale de Statistique et d'Analyse Economique
EHESS Paris: Ecole des Hautes Etudes en Sciences SocialesErasmus:  Erasmus University RotterdamEssex:  University of EssexEur. Univ. Inst.:  European University Institute (Florence)
ETH Zurich:  Eidgen&#246;ssische Technische Hochschule Z&#252;richFlorida:  University of Florida
Florida International:  Florida International University
Freiburg:  University of FreiburgGeneva:  University of GenevaGeorgetown:  Georgetown University
Ghent: Ghent UniversityGIIS: Graduate Institute of International Studies, Geneva
Glasgow:  University of GlasgowG&#246;teborg: G&#246;teborg University
G&#246;ttingen:  Georg-August-Universit&#228;t G&#246;ttingen
Groningen: Groningen University
Hamburg:  University of HamburgHannover:  University of HannoverHarvard: Harvard University Hawaii:  University of Hawaii
Hebrew:  Hebrew UniversityHeidelberg:  University of Heidelberg
Helmut Schmidt:  Helmut Schmidt University, HamburgHitotsubashi: Hitotsubashi University
HKUST:  Hong Kong University of Science and Technology
Hokkaido: Hokkaido University
Hong Kong:  University of Hong KongHouston: University of HoustonHumboldt:  Humboldt Universit&#228;t zu Berlin
Hungarian Academy: Hungarian Academy of Sciences
IGIDR:  Indira Gandhi Institute of Development Research
IHEID:  Graduate Institute of International and Development StudiesIIES:  IIES, Stockholm UniversityIIT New Delhi:  Indian Institute of Technology, New Delhi Illinois: University of IllinoisIndiana: Indiana University Innsbruck: University of InnsbruckIowa: University of IowaIowa State: Iowa State University ISI:  Indian Statistical Institute
Jadavpur: Jadavpur University
Jaume:  Universitat Jaume IJNU:  Jawaharlal Nehru UniversityJohns Hopkins: Johns Hopkins University Johns Hopkins SAIS: Johns Hopkins School <br>&nbsp;&nbsp;&nbsp;of Advanced International StudiesKansas:  University of Kansas
Kansas State:  K	ansas State University
Kassel:  University of KasselKeio: Keio University Kent:  University of Kent, Canterbury
Kentucky: University of KentuckyKiel:  University of KielKobe:  Kobe UniversityKonstanz: University of KonstanzKyoto:  Kyoto UniversityLa Trobe: La Trobe University 
Lausanne:  University of LausanneLeuven:  Katholieke Universiteit LeuvenLi&#232;ge:  Universit&#233; de Li&#232;geLinz:  University of LinzLjubljana:  University of Ljubljana
LMU Munich:  Ludwig Maximilian University of MunichLondon: University of London
Loughborough:  University of LoughboroughLouvain:  Universit&#233; Catholique de LouvainLSE: London School of EconomicsLund:  Lund UniversityMadrid:  Universidad Autonoma de Madrid
Mainz:  University of Mainz
Manchester: University of ManchesterMannheim:  University of Mannheim
Marche: Polytechnic University of Marche <br>&nbsp;&nbsp;&nbsp;(formerly Ancona Univ.)Maryland: University of MarylandMcGill:  McGill University
McMaster:  McMaster University
Melbourne:  University of MelbourneMIT: Massachusetts Institute of TechnologyMichigan: University of MichiganMichigan State: Michigan State University 
Milan:  University of MilanMinnesota: University of Minnesota
Molise:  University of Molise (Italy)Monash:  Monash UniversityMontesquieu:  University of Bordeaux IV MontesquieuMontr&#233;al:  Universit&#233;de Montr&#233;alMunich: University of Munich 
Université de Montréal Munich:  University of Munich
Nagoya:  Nagoya UniversityNYU: New York University 
NES:  New Economic School, Moscow, RUNew England:  University of New England, Armidale, Australia
New School:  The New School for Social ResearchNew South Wales: University of New South Wales
Newcastle: Newcastle University, Newcastle upon Tyne, GBNorges Handelshoyskole: Norwegian School <br>&nbsp;&nbsp;&nbsp;of Economics and Business Administration
Norges Teknisk-naturvitenskapelige:  Norwegian University <br>&nbsp;&nbsp;of Science and TechnologyNorth Carolina: University of North CarolinaNorthwestern: Northwestern University Notre Dame:  University of Notre DameNottingham: University of NottinghamOhio State:  Ohio State University
Okayama:  Okayama University
Oklahoma:  University of OklahomaOregon:  University of OregonOsaka:  Osaka University
Oslo:  University of OsloOxford: Oxford University Paris: University of Paris
Paris-Pantheon-Sorbonne:  Universit&#233; Paris 1 Panth&#233;on-Sorbonne
Paris-Dauphine:  Universit&#233; Paris-Dauphine
Paris School:  Paris School of Economics
Passau:  University of PassauPau:  University of Pau (France)Pavia:  University of PaviaPeking: Peking UniversityPenn State: Pennsylvania State UniversityPennsylvania: University of PennsylvaniaPittsburgh:  University of Pittsburgh
Politecnica delle Marche:  Universita' Politecnica delle Marche, Ancona, ITPompeu Fabra: Universitat Pompeu FabraPrinceton: Princeton University
PSE:  Paris School of EconomicsPurdue:  Purdue UniversityQueen's: Queen's University 
RBU: Rabindra Bharati University
Regensburg:  University of Regensburg, DERio Grande do Sul:  Federal University of Rio Grande do Sul (Brazil)Rochester: University of RochesterRome: University of RomeRutgers: Rutgers University 
Rome Tor Vergata:  University of Rome Tor Vergata
Sant'Anna:  Sant'Anna School of Advanced Studies, PisaSciences Po:  Sciences Po, Paris, FR
SMU: Southern Methodist UniversitySUNY Buffalo: State University of New York, Buffalo
Shanghai U of F & E:  Shanghai University <br>&nbsp;&nbsp;&nbsp;of Finance and EconomicsSiena: University of SienaSimon Fraser:  Simon Fraser University
Singapore:  National University of SingaporeSouthern Illinois: University of Southern IllinoisSMU:  Southern Methodist University
SNU:  Seoul National UniversitySouthampton:  University of Southampton
St. Gallen:  University of St. GallenStanford: Stanford University Stockholm: University of StockholmStockholm School: Stockholm School of Economics
Sungkyunkwan: Sungkyunkwan University
SupAgro:  SupAgro Montpellier, Montpellier
Sussex:  University of Sussex
Sydney: University of SydneySyracuse: University of Syracuse
Taiwan:  National Taiwan UniversityTemple: Temple University
Tennessee:  University of TennesseeTexas: University of Texas
Texas A&M: Texas A&M UniversityTilburg:  Tilburg UniversityTokyo:  University of Tokyo
Toulouse:  University of ToulouseToronto: University of Toronto
Trento: University of TrentoTrinity College: Trinity College Dublin
Tuebingen: University of Tuebingen
Turin:  University of TurinU of Economics, Vienna:  University of Economics, <br>&nbsp;&nbsp;&nbsp;Vienna, AustriaUC Davis: University of California, DavisUC Irvine: University of California, IrvineUC Santa Cruz: University of California, Santa CruzUCD: University College DublinUCL: University College LondonUCLA: University of California, Los AngelesUCSD: University of California, San Diego
UMass Amherst:  University of Massachusetts AmherstUppsala: University of Uppsala
UQAM:  University of Quebec at MontrealUSC:  University of Southern CaliforniaUtah:  University of UtahUtah State: Utah State University 
UWA:  University of Western Australia
Vanderbilt:  Vanderbilt UniversityVienna: University of ViennaVirginia: University of VirginiaWaikato: University of Waikato (New Zealand)
Warwick:  University of Warwick
Waseda:  Waseda UniversityWashington: University of Washington
Washington State:  Washington State UniversityWashington U.: Washington University Western Australia: University of Western AustraliaWestern Ontario: University of Western OntarioWisconsin: University of Wisconsin
Wuerzburg: University of Wuerzburg 
Wuppertal:  University of Wuppertal, Yale: Yale University Zagreb: University of ZagrebZurich:  University of Zurich